{
  "platform": "abebooks",
  "model_type": "GradientBoostingRegressor",
  "n_features": 28,
  "feature_names": [
    "abebooks_min_price",
    "abebooks_avg_price",
    "abebooks_seller_count",
    "abebooks_condition_spread",
    "abebooks_has_new",
    "abebooks_has_used",
    "abebooks_hardcover_premium",
    "abebooks_scaled_estimate",
    "abebooks_competitive_estimate",
    "abebooks_avg_estimate",
    "is_collectible_market",
    "page_count",
    "age_years",
    "log_ratings",
    "rating",
    "has_list_price",
    "list_price",
    "is_new",
    "is_like_new",
    "is_very_good",
    "is_good",
    "is_acceptable",
    "is_poor",
    "is_hardcover",
    "is_paperback",
    "is_mass_market",
    "is_signed",
    "is_first_edition"
  ],
  "training_samples": 593,
  "test_samples": 149,
  "train_mae": 0.011458300073480355,
  "test_mae": 0.2848926692281949,
  "train_rmse": 0.02521310354160019,
  "test_rmse": 3.1534324900793544,
  "train_r2": 0.9999878419058351,
  "test_r2": 0.8632590071898945,
  "feature_importance": {
    "abebooks_min_price": 1.4421836105470572e-05,
    "abebooks_avg_price": 0.4543487324056335,
    "abebooks_seller_count": 3.4042753559126445e-05,
    "abebooks_condition_spread": 0.00014005735913218904,
    "abebooks_has_new": 0.0,
    "abebooks_has_used": 0.0,
    "abebooks_hardcover_premium": 0.0001939808403449965,
    "abebooks_scaled_estimate": 0.00015641401162132858,
    "abebooks_competitive_estimate": 4.637715724528399e-05,
    "abebooks_avg_estimate": 0.5445351610472601,
    "is_collectible_market": 6.996175850254558e-07,
    "page_count": 0.0001843609092627881,
    "age_years": 0.00018507582630889334,
    "log_ratings": 1.7831217013399082e-07,
    "rating": 0.00016049792377121008,
    "has_list_price": 0.0,
    "list_price": 0.0,
    "is_new": 0.0,
    "is_like_new": 0.0,
    "is_very_good": 0.0,
    "is_good": 0.0,
    "is_acceptable": 0.0,
    "is_poor": 0.0,
    "is_hardcover": 0.0,
    "is_paperback": 0.0,
    "is_mass_market": 0.0,
    "is_signed": 0.0,
    "is_first_edition": 0.0
  },
  "top_features": [
    [
      "abebooks_avg_estimate",
      0.5445351610472601
    ],
    [
      "abebooks_avg_price",
      0.4543487324056335
    ],
    [
      "abebooks_hardcover_premium",
      0.0001939808403449965
    ],
    [
      "age_years",
      0.00018507582630889334
    ],
    [
      "page_count",
      0.0001843609092627881
    ],
    [
      "rating",
      0.00016049792377121008
    ],
    [
      "abebooks_scaled_estimate",
      0.00015641401162132858
    ],
    [
      "abebooks_condition_spread",
      0.00014005735913218904
    ],
    [
      "abebooks_competitive_estimate",
      4.637715724528399e-05
    ],
    [
      "abebooks_seller_count",
      3.4042753559126445e-05
    ]
  ],
  "trained_at": "2025-11-01T23:59:54.249092"
}