{
  "platform": "alibris",
  "model_type": "GradientBoostingRegressor",
  "n_features": 24,
  "feature_names": [
    "bookfinder_signed_count",
    "bookfinder_has_signed",
    "bookfinder_signed_lowest",
    "bookfinder_first_edition_count",
    "bookfinder_has_first_edition",
    "bookfinder_first_ed_lowest",
    "bookfinder_oldworld_count",
    "bookfinder_avg_desc_length",
    "bookfinder_detailed_pct",
    "bookfinder_lowest_price",
    "bookfinder_avg_price",
    "bookfinder_source_count",
    "bookfinder_price_volatility",
    "page_count",
    "age_years",
    "log_ratings",
    "rating",
    "is_hardcover",
    "is_paperback",
    "is_signed",
    "is_first_edition",
    "is_new",
    "is_very_good",
    "is_good"
  ],
  "training_samples": 104,
  "test_samples": 26,
  "train_mae": 0.33567750680636127,
  "test_mae": 4.1878605474594774,
  "train_rmse": 0.45943057763246553,
  "test_rmse": 5.692533527232442,
  "train_r2": 0.9945161445331225,
  "test_r2": 0.30823328259207783,
  "feature_importance": {
    "bookfinder_signed_count": 0.0036227946046796244,
    "bookfinder_has_signed": 1.5886346878549796e-05,
    "bookfinder_signed_lowest": 0.005799974136930701,
    "bookfinder_first_edition_count": 0.07807775602330315,
    "bookfinder_has_first_edition": 1.0466315722687202e-05,
    "bookfinder_first_ed_lowest": 0.05017213577002224,
    "bookfinder_oldworld_count": 0.0,
    "bookfinder_avg_desc_length": 0.06328506075362018,
    "bookfinder_detailed_pct": 0.033676036299178265,
    "bookfinder_lowest_price": 0.12375285074267221,
    "bookfinder_avg_price": 0.04636998807530128,
    "bookfinder_source_count": 0.017357938814054136,
    "bookfinder_price_volatility": 0.07253500314386489,
    "page_count": 0.03171786549462123,
    "age_years": 0.1891158604182628,
    "log_ratings": 0.24542257634214656,
    "rating": 0.03399431780447372,
    "is_hardcover": 0.0,
    "is_paperback": 0.0,
    "is_signed": 0.0,
    "is_first_edition": 0.0,
    "is_new": 0.0,
    "is_very_good": 0.0031396616955595234,
    "is_good": 0.0019338272187082
  },
  "top_features": [
    [
      "log_ratings",
      0.24542257634214656
    ],
    [
      "age_years",
      0.1891158604182628
    ],
    [
      "bookfinder_lowest_price",
      0.12375285074267221
    ],
    [
      "bookfinder_first_edition_count",
      0.07807775602330315
    ],
    [
      "bookfinder_price_volatility",
      0.07253500314386489
    ],
    [
      "bookfinder_avg_desc_length",
      0.06328506075362018
    ],
    [
      "bookfinder_first_ed_lowest",
      0.05017213577002224
    ],
    [
      "bookfinder_avg_price",
      0.04636998807530128
    ],
    [
      "rating",
      0.03399431780447372
    ],
    [
      "bookfinder_detailed_pct",
      0.033676036299178265
    ]
  ],
  "trained_at": "2025-11-01T23:58:50.966469"
}