{
  "platform": "amazon",
  "model_type": "GradientBoostingRegressor",
  "n_features": 18,
  "feature_names": [
    "log_amazon_rank",
    "amazon_count",
    "amazon_lowest_price",
    "amazon_trade_in_price",
    "amazon_price_per_rank",
    "amazon_competitive_density",
    "page_count",
    "age_years",
    "log_ratings",
    "rating",
    "is_very_good",
    "is_good",
    "is_hardcover",
    "is_mass_market",
    "is_signed",
    "is_first_edition",
    "is_textbook",
    "is_fiction"
  ],
  "training_samples": 5217,
  "test_samples": 1305,
  "train_mae": 16.14806769094208,
  "test_mae": 16.416112319781757,
  "train_rmse": 32.888481489094744,
  "test_rmse": 35.89054773609223,
  "train_r2": 0.044041569474955855,
  "test_r2": 0.034501170089386024,
  "feature_importance": {
    "log_amazon_rank": 0.00021098572133078727,
    "amazon_count": 0.02881359471769493,
    "amazon_lowest_price": 0.4429561661386638,
    "amazon_trade_in_price": 0.0,
    "amazon_price_per_rank": 0.422533377632708,
    "amazon_competitive_density": 0.040890316737934626,
    "page_count": 0.034203741424032874,
    "age_years": 0.000868306510767337,
    "log_ratings": 0.0019638939648300184,
    "rating": 0.0005126756013323528,
    "is_very_good": 0.0,
    "is_good": 0.0,
    "is_hardcover": 0.0,
    "is_mass_market": 0.0,
    "is_signed": 0.0,
    "is_first_edition": 0.0,
    "is_textbook": 5.766749205117117e-06,
    "is_fiction": 0.02704117480150017
  },
  "top_features": [
    [
      "amazon_lowest_price",
      0.4429561661386638
    ],
    [
      "amazon_price_per_rank",
      0.422533377632708
    ],
    [
      "amazon_competitive_density",
      0.040890316737934626
    ],
    [
      "page_count",
      0.034203741424032874
    ],
    [
      "amazon_count",
      0.02881359471769493
    ],
    [
      "is_fiction",
      0.02704117480150017
    ],
    [
      "log_ratings",
      0.0019638939648300184
    ],
    [
      "age_years",
      0.000868306510767337
    ],
    [
      "rating",
      0.0005126756013323528
    ],
    [
      "log_amazon_rank",
      0.00021098572133078727
    ]
  ],
  "trained_at": "2025-11-04T21:01:50.772885"
}