{
  "platform": "amazon",
  "model_type": "GradientBoostingRegressor",
  "n_features": 21,
  "feature_names": [
    "log_amazon_rank",
    "amazon_count",
    "page_count",
    "age_years",
    "log_ratings",
    "rating",
    "has_list_price",
    "list_price",
    "is_new",
    "is_like_new",
    "is_very_good",
    "is_good",
    "is_acceptable",
    "is_poor",
    "is_hardcover",
    "is_paperback",
    "is_mass_market",
    "is_signed",
    "is_first_edition",
    "is_textbook",
    "is_fiction"
  ],
  "training_samples": 5216,
  "test_samples": 1304,
  "train_mae": 16.78288740610255,
  "test_mae": 17.26563171443535,
  "train_rmse": 32.97253376006153,
  "test_rmse": 36.35903367909577,
  "train_r2": 0.044549893218492564,
  "test_r2": -0.00819618027498703,
  "feature_importance": {
    "log_amazon_rank": 0.2239450479402709,
    "amazon_count": 0.17885835759576518,
    "page_count": 0.3089017286636553,
    "age_years": 0.06541637058817776,
    "log_ratings": 0.07461868077170562,
    "rating": 0.058954834406738356,
    "has_list_price": 0.0,
    "list_price": 0.0,
    "is_new": 0.0,
    "is_like_new": 0.0,
    "is_very_good": 2.2194809482794886e-05,
    "is_good": 0.0,
    "is_acceptable": 0.0,
    "is_poor": 0.0,
    "is_hardcover": 0.0,
    "is_paperback": 0.0,
    "is_mass_market": 0.0,
    "is_signed": 0.0,
    "is_first_edition": 0.0,
    "is_textbook": 0.002733623869996567,
    "is_fiction": 0.08654916135420741
  },
  "top_features": [
    [
      "page_count",
      0.3089017286636553
    ],
    [
      "log_amazon_rank",
      0.2239450479402709
    ],
    [
      "amazon_count",
      0.17885835759576518
    ],
    [
      "is_fiction",
      0.08654916135420741
    ],
    [
      "log_ratings",
      0.07461868077170562
    ],
    [
      "age_years",
      0.06541637058817776
    ],
    [
      "rating",
      0.058954834406738356
    ],
    [
      "is_textbook",
      0.002733623869996567
    ],
    [
      "is_very_good",
      2.2194809482794886e-05
    ],
    [
      "has_list_price",
      0.0
    ]
  ],
  "trained_at": "2025-11-02T00:00:04.964252"
}