{
  "platform": "ebay",
  "model_type": "GradientBoostingRegressor",
  "n_features": 26,
  "feature_names": [
    "ebay_sold_count",
    "ebay_active_count",
    "ebay_active_median",
    "sell_through_rate",
    "page_count",
    "age_years",
    "log_ratings",
    "rating",
    "has_list_price",
    "list_price",
    "is_new",
    "is_like_new",
    "is_very_good",
    "is_good",
    "is_acceptable",
    "is_poor",
    "is_hardcover",
    "is_paperback",
    "is_mass_market",
    "is_signed",
    "is_first_edition",
    "is_textbook",
    "is_fiction",
    "demand_score",
    "competition_ratio",
    "price_velocity"
  ],
  "training_samples": 596,
  "test_samples": 150,
  "train_mae": 2.7690232610222703,
  "test_mae": 3.8644281020018374,
  "train_rmse": 3.9507047461019167,
  "test_rmse": 5.5818152161477474,
  "train_r2": 0.6803144111635139,
  "test_r2": -0.05659967164698787,
  "feature_importance": {
    "ebay_sold_count": 0.005792845782152652,
    "ebay_active_count": 0.0,
    "ebay_active_median": 0.0,
    "sell_through_rate": 0.0,
    "page_count": 0.28494008220117767,
    "age_years": 0.19620314981413614,
    "log_ratings": 0.3150648504287934,
    "rating": 0.13189883474534503,
    "has_list_price": 0.0,
    "list_price": 0.0,
    "is_new": 0.0,
    "is_like_new": 0.0,
    "is_very_good": 0.009071690131743974,
    "is_good": 0.0045789259731173195,
    "is_acceptable": 0.0,
    "is_poor": 0.0,
    "is_hardcover": 0.005232266369236878,
    "is_paperback": 0.0,
    "is_mass_market": 0.0016517823858041077,
    "is_signed": 8.609137582421528e-05,
    "is_first_edition": 0.0008135480933279201,
    "is_textbook": 0.0012727706843536609,
    "is_fiction": 0.03422529237528498,
    "demand_score": 0.009167869639701995,
    "competition_ratio": 0.0,
    "price_velocity": 0.0
  },
  "top_features": [
    [
      "log_ratings",
      0.3150648504287934
    ],
    [
      "page_count",
      0.28494008220117767
    ],
    [
      "age_years",
      0.19620314981413614
    ],
    [
      "rating",
      0.13189883474534503
    ],
    [
      "is_fiction",
      0.03422529237528498
    ],
    [
      "demand_score",
      0.009167869639701995
    ],
    [
      "is_very_good",
      0.009071690131743974
    ],
    [
      "ebay_sold_count",
      0.005792845782152652
    ],
    [
      "is_hardcover",
      0.005232266369236878
    ],
    [
      "is_good",
      0.0045789259731173195
    ]
  ],
  "trained_at": "2025-11-01T23:59:48.602343"
}