{
  "platform": "ebay",
  "model_type": "XGBRegressor",
  "n_features": 15,
  "feature_names": [
    "ebay_sold_count",
    "ebay_active_median",
    "page_count",
    "age_years",
    "log_ratings",
    "rating",
    "is_very_good",
    "is_good",
    "is_hardcover",
    "is_mass_market",
    "is_signed",
    "is_first_edition",
    "is_textbook",
    "is_fiction",
    "demand_score"
  ],
  "training_samples": 705,
  "test_samples": 177,
  "train_mae": 3.56251264474747,
  "test_mae": 4.2424270308758585,
  "train_rmse": 5.324033248782647,
  "test_rmse": 5.824575807595659,
  "train_r2": 0.3124778093463648,
  "test_r2": 0.06322384032423933,
  "cv_mae": 4.2985430394707,
  "hyperparameters": {
    "subsample": 0.8,
    "reg_lambda": 10,
    "reg_alpha": 0,
    "n_estimators": 200,
    "min_child_weight": 3,
    "max_depth": 7,
    "learning_rate": 0.01,
    "gamma": 0.2,
    "colsample_bytree": 0.9
  },
  "optimization": {
    "method": "RandomizedSearchCV",
    "n_iter": 50,
    "cv_folds": 3,
    "scoring": "neg_mean_absolute_error"
  },
  "feature_importance": {
    "ebay_sold_count": 0.06359545886516571,
    "ebay_active_median": 0.0,
    "page_count": 0.12058523297309875,
    "age_years": 0.08840756118297577,
    "log_ratings": 0.10474879294633865,
    "rating": 0.11798017472028732,
    "is_very_good": 0.08594419807195663,
    "is_good": 0.05913713946938515,
    "is_hardcover": 0.07963860034942627,
    "is_mass_market": 0.06583777070045471,
    "is_signed": 0.006269105710089207,
    "is_first_edition": 0.02801704779267311,
    "is_textbook": 0.05249423906207085,
    "is_fiction": 0.07394251227378845,
    "demand_score": 0.053402166813611984
  },
  "top_features": [
    [
      "page_count",
      0.12058523297309875
    ],
    [
      "rating",
      0.11798017472028732
    ],
    [
      "log_ratings",
      0.10474879294633865
    ],
    [
      "age_years",
      0.08840756118297577
    ],
    [
      "is_very_good",
      0.08594419807195663
    ],
    [
      "is_hardcover",
      0.07963860034942627
    ],
    [
      "is_fiction",
      0.07394251227378845
    ],
    [
      "is_mass_market",
      0.06583777070045471
    ],
    [
      "ebay_sold_count",
      0.06359545886516571
    ],
    [
      "is_good",
      0.05913713946938515
    ]
  ],
  "trained_at": "2025-11-04T19:09:58.295798"
}