{
  "platform": "ebay",
  "model_type": "XGBRegressor",
  "n_features": 24,
  "feature_names": [
    "ebay_sold_count",
    "ebay_active_median",
    "ebay_sold_min",
    "ebay_sold_median",
    "ebay_sold_max",
    "ebay_sold_price_spread",
    "ebay_active_vs_sold_ratio",
    "page_count",
    "age_years",
    "log_ratings",
    "rating",
    "is_new",
    "is_like_new",
    "is_very_good",
    "is_good",
    "is_acceptable",
    "is_poor",
    "is_hardcover",
    "is_mass_market",
    "is_signed",
    "is_first_edition",
    "is_textbook",
    "is_fiction",
    "demand_score"
  ],
  "training_samples": 8817,
  "test_samples": 2205,
  "train_mae": 1.3634020036340666,
  "test_mae": 1.5039401621959105,
  "train_rmse": 5.387583255200473,
  "test_rmse": 6.1767043024834845,
  "train_r2": 0.8637533903790917,
  "test_r2": 0.8274989756099773,
  "cv_mae": 1.4533028375976709,
  "hyperparameters": {
    "subsample": 0.7,
    "reg_lambda": 10,
    "reg_alpha": 0.1,
    "n_estimators": 300,
    "min_child_weight": 3,
    "max_depth": 6,
    "learning_rate": 0.05,
    "gamma": 0.4,
    "colsample_bytree": 1.0
  },
  "optimization": {
    "method": "RandomizedSearchCV",
    "n_iter": 50,
    "cv_folds": 3,
    "scoring": "neg_mean_absolute_error"
  },
  "feature_importance": {
    "ebay_sold_count": 0.003046544035896659,
    "ebay_active_median": 0.0025641913525760174,
    "ebay_sold_min": 0.02792264334857464,
    "ebay_sold_median": 0.9284433722496033,
    "ebay_sold_max": 0.007218267302960157,
    "ebay_sold_price_spread": 0.0015560610918328166,
    "ebay_active_vs_sold_ratio": 0.0,
    "page_count": 0.011398518458008766,
    "age_years": 0.00861007533967495,
    "log_ratings": 0.0,
    "rating": 0.0,
    "is_new": 0.0,
    "is_like_new": 0.0,
    "is_very_good": 0.0,
    "is_good": 0.0,
    "is_acceptable": 0.0,
    "is_poor": 0.0,
    "is_hardcover": 0.0,
    "is_mass_market": 0.0,
    "is_signed": 0.0,
    "is_first_edition": 0.0,
    "is_textbook": 0.0,
    "is_fiction": 0.0,
    "demand_score": 0.009240365587174892
  },
  "top_features": [
    [
      "ebay_sold_median",
      0.9284433722496033
    ],
    [
      "ebay_sold_min",
      0.02792264334857464
    ],
    [
      "page_count",
      0.011398518458008766
    ],
    [
      "demand_score",
      0.009240365587174892
    ],
    [
      "age_years",
      0.00861007533967495
    ],
    [
      "ebay_sold_max",
      0.007218267302960157
    ],
    [
      "ebay_sold_count",
      0.003046544035896659
    ],
    [
      "ebay_active_median",
      0.0025641913525760174
    ],
    [
      "ebay_sold_price_spread",
      0.0015560610918328166
    ],
    [
      "ebay_active_vs_sold_ratio",
      0.0
    ]
  ],
  "trained_at": "2025-11-08T17:19:52.159552"
}