{
  "test_samples": 726,
  "unified": {
    "mae": 4.3411544553626,
    "rmse": 15.680766459777942,
    "r2": 0.07655435180468029
  },
  "stacked": {
    "mae": 6.010945148977675,
    "rmse": 15.454729017052943,
    "r2": 0.10298531147751533
  },
  "improvement": {
    "mae_change": -1.6697906936150755,
    "mae_pct": -38.46420832947775,
    "r2_change": 0.02643095967283504,
    "r2_pct": 34.52574419318529
  }
}