{
  "n_samples": 11134,
  "n_features": 6,
  "feature_names": [
    "ebay_pred",
    "abebooks_pred",
    "amazon_pred",
    "biblio_pred",
    "alibris_pred",
    "zvab_pred"
  ],
  "ebay_metadata": {
    "platform": "ebay",
    "n_samples": 11134,
    "n_folds": 5,
    "oof_mae": 10.297466975820068,
    "oof_rmse": 40.17304240937219,
    "oof_r2": -0.01540180132879887,
    "target_mean": 16.686713557571405,
    "target_std": 39.86720216856999
  },
  "abebooks_metadata": {
    "platform": "abebooks",
    "n_samples": 1231,
    "n_folds": 5,
    "oof_mae": 6.229762539303187,
    "oof_rmse": 82.12097695598715,
    "oof_r2": 0.16095783830890642,
    "target_mean": 13.534760357432981,
    "target_std": 89.65246087682569
  },
  "amazon_metadata": {
    "platform": "amazon",
    "n_samples": 8726,
    "n_folds": 5,
    "oof_mae": 0.5723441767023232,
    "oof_rmse": 23.55622094910103,
    "oof_r2": 0.8914963459942516,
    "target_mean": 20.58027045610818,
    "target_std": 71.51274312357333
  },
  "biblio_metadata": {
    "platform": "biblio",
    "n_samples": 611,
    "n_folds": 5,
    "oof_mae": 1.8368440185621964,
    "oof_rmse": 8.270121125211526,
    "oof_r2": 0.1290800035970463,
    "target_mean": 6.463027823240589,
    "target_std": 8.861816221330331
  },
  "alibris_metadata": {
    "platform": "alibris",
    "n_samples": 613,
    "n_folds": 5,
    "oof_mae": 3.9159950757533943,
    "oof_rmse": 8.404175917357463,
    "oof_r2": 0.21637324156231796,
    "target_mean": 10.169608482871128,
    "target_std": 9.493809342601303
  },
  "zvab_metadata": {
    "platform": "zvab",
    "n_samples": 513,
    "n_folds": 5,
    "oof_mae": 2.896830383494561,
    "oof_rmse": 9.359121221057741,
    "oof_r2": 0.3021412976726314,
    "target_mean": 8.006120857699806,
    "target_std": 11.203438206296918
  }
}