{
  "model_version": "v1_edition_premium",
  "model_type": "xgboost_regressor",
  "target": "first_edition_premium_pct",
  "trained_date": "2025-11-06T21:32:19.005473",
  "n_training_samples": 382,
  "n_test_samples": 96,
  "hyperparameters": {
    "subsample": 0.9,
    "reg_lambda": 1,
    "reg_alpha": 0,
    "n_estimators": 150,
    "min_child_weight": 1,
    "max_depth": 3,
    "learning_rate": 0.05,
    "gamma": 0.1,
    "colsample_bytree": 0.9
  },
  "test_mae": 1.0655918578906491,
  "test_rmse": 2.1211468062929195,
  "test_r2": 0.998705465287162,
  "feature_names": [
    "first_ed_avg_price",
    "non_first_ed_avg_price",
    "price_ratio",
    "price_difference",
    "first_ed_min",
    "first_ed_max",
    "non_first_ed_min",
    "non_first_ed_max",
    "first_ed_price_range",
    "non_first_ed_price_range",
    "first_ed_offer_count",
    "non_first_ed_offer_count",
    "total_offer_count",
    "first_ed_offer_ratio",
    "publication_year",
    "book_age",
    "is_recent",
    "is_classic",
    "page_count",
    "is_long_book",
    "is_hardcover"
  ],
  "feature_importance": {
    "price_ratio": 0.4937993586063385,
    "price_difference": 0.48544153571128845,
    "non_first_ed_avg_price": 0.009462029673159122,
    "first_ed_max": 0.006673576310276985,
    "non_first_ed_offer_count": 0.0009208671981468797,
    "first_ed_offer_count": 0.0008352802833542228,
    "first_ed_offer_ratio": 0.0007240641862154007,
    "first_ed_avg_price": 0.0006224280805326998,
    "publication_year": 0.00027645728550851345,
    "first_ed_min": 0.0002551318029873073,
    "non_first_ed_max": 0.00023350483388639987,
    "total_offer_count": 0.0001704365131445229,
    "book_age": 0.00016021264309529215,
    "non_first_ed_price_range": 0.0001513193710707128,
    "first_ed_price_range": 0.00014363593072630465,
    "non_first_ed_min": 0.00013017051969654858,
    "is_recent": 0.0,
    "is_classic": 0.0,
    "page_count": 0.0,
    "is_long_book": 0.0,
    "is_hardcover": 0.0
  }
}