{
  "model_type": "Ridge",
  "version": "v2_with_mape",
  "alpha": 1000.0,
  "n_features": 6,
  "feature_names": [
    "eBay",
    "AbeBooks",
    "Amazon",
    "Biblio",
    "Alibris",
    "Zvab"
  ],
  "coefficients": {
    "eBay": 0.7300506887399496,
    "AbeBooks": -0.01616430497670109,
    "Amazon": 0.25007774392423776,
    "Biblio": -0.770548043523783,
    "Alibris": -0.33344319368247527,
    "Zvab": 0.8289888395080709
  },
  "intercept": 5.083311872952361,
  "training_samples": 8907,
  "test_samples": 2227,
  "train_mae": 11.060178998007611,
  "test_mae": 10.203141067938697,
  "train_rmse": 39.38419892576024,
  "test_rmse": 30.961162305900693,
  "train_r2": 0.12176828058303613,
  "test_r2": -0.08906998269323219,
  "train_mape": 85.28143072977599,
  "test_mape": 88.22960487349513,
  "ebay_test_mae": 9.018825696983404,
  "abebooks_test_mae": 15.503953455013502,
  "amazon_test_mae": 12.109538539052956,
  "improvement_pct": -13.131591747597696,
  "trained_at": "2025-11-09T09:59:18.712970"
}