{
  "version": "v1",
  "model_type": "XGBRegressor",
  "train_date": "2025-10-28T19:25:40.434732",
  "train_samples": 560,
  "test_samples": 140,
  "train_mae": 2.1571684005124228,
  "test_mae": 3.7516917978559223,
  "train_rmse": 2.8035414817661928,
  "test_rmse": 4.866610017121154,
  "test_r2": -0.027136740651741098,
  "feature_importance": {
    "log_amazon_rank": 0.052388519048690796,
    "amazon_count": 0.07483436167240143,
    "ebay_sold_count": 0.0,
    "ebay_active_count": 0.0,
    "ebay_active_median": 0.0,
    "sell_through_rate": 0.0,
    "page_count": 0.04150715097784996,
    "age_years": 0.04358431696891785,
    "log_ratings": 0.046252813190221786,
    "rating": 0.04311153292655945,
    "has_list_price": 0.0,
    "list_price": 0.0,
    "is_new": 0.0,
    "is_like_new": 0.0,
    "is_very_good": 0.11512414366006851,
    "is_good": 0.35859790444374084,
    "is_acceptable": 0.0,
    "is_poor": 0.0,
    "is_hardcover": 0.09016799926757812,
    "is_paperback": 0.04171205684542656,
    "is_mass_market": 0.0,
    "is_signed": 0.0,
    "is_first_edition": 0.026859911158680916,
    "is_textbook": 0.0,
    "is_fiction": 0.06585937738418579,
    "demand_score": 0.0,
    "competition_ratio": 0.0,
    "price_velocity": 0.0
  },
  "hyperparameters": {
    "n_estimators": 100,
    "max_depth": 5,
    "learning_rate": 0.1
  }
}