{
  "version": "v3_xgboost_tuned",
  "model_type": "XGBRegressor",
  "train_date": "2025-11-05T18:00:47.183868",
  "train_samples": 3840,
  "test_samples": 961,
  "train_mae": 3.222997708798448,
  "test_mae": 3.4181922903904436,
  "train_rmse": 4.390001823807475,
  "test_rmse": 4.59816933075412,
  "test_r2": 0.09388447276361644,
  "cv_mae": 3.2617930542498823,
  "feature_importance": {
    "log_amazon_rank": 0.005224787164479494,
    "amazon_count": 0.02746902033686638,
    "amazon_lowest_price": 0.035900961607694626,
    "amazon_trade_in_price": 0.0,
    "amazon_price_per_rank": 0.02205614373087883,
    "amazon_competitive_density": 0.0084193404763937,
    "ebay_sold_count": 0.008031799457967281,
    "ebay_active_median": 0.0,
    "ebay_sold_min": 0.0,
    "ebay_sold_median": 0.0,
    "ebay_sold_max": 0.0,
    "ebay_sold_price_spread": 0.0,
    "ebay_active_vs_sold_ratio": 0.0,
    "abebooks_min_price": 0.0,
    "abebooks_avg_price": 0.0,
    "abebooks_seller_count": 0.0,
    "abebooks_condition_spread": 0.0,
    "abebooks_has_new": 0.0,
    "abebooks_hardcover_premium": 0.0,
    "abebooks_scaled_estimate": 0.0,
    "abebooks_competitive_estimate": 0.0,
    "abebooks_avg_estimate": 0.0,
    "is_collectible_market": 0.0,
    "bookfinder_lowest_price": 0.003974833991378546,
    "bookfinder_source_count": 0.009525418281555176,
    "bookfinder_new_vs_used_spread": 0.024436337873339653,
    "bookfinder_avg_price": 0.032915517687797546,
    "bookfinder_total_offers": 0.01595539040863514,
    "bookfinder_price_volatility": 0.009806009940803051,
    "bookfinder_signed_count": 0.0011900541139766574,
    "bookfinder_has_signed": 0.02036290243268013,
    "bookfinder_signed_lowest": 0.006510262843221426,
    "bookfinder_first_edition_count": 0.01002702210098505,
    "bookfinder_first_ed_lowest": 0.011895163916051388,
    "bookfinder_avg_desc_length": 0.03780144825577736,
    "bookfinder_detailed_pct": 0.0159564521163702,
    "bookfinder_signed_premium_pct": 0.0,
    "bookfinder_first_ed_premium_pct": 0.00767230661585927,
    "serper_sold_count": 0.16168110072612762,
    "serper_sold_has_signed": 0.011725676245987415,
    "serper_sold_signed_pct": 0.008720843121409416,
    "serper_sold_hardcover_pct": 0.06286903470754623,
    "serper_sold_ebay_pct": 0.2898460626602173,
    "page_count": 0.009225377812981606,
    "age_years": 0.013090480118989944,
    "log_ratings": 0.00748293986544013,
    "rating": 0.018100246787071228,
    "is_recent": 0.0,
    "is_backlist": 0.01431314554065466,
    "decade_sin": 0.0037934568244963884,
    "decade_cos": 0.014168505556881428,
    "age_squared": 0.006724779028445482,
    "log_age": 0.0038850251585245132,
    "is_very_good": 0.0,
    "is_good": 0.0,
    "is_hardcover": 0.007927151396870613,
    "is_mass_market": 0.02361864410340786,
    "is_signed": 0.0011569532798603177,
    "is_first_edition": 0.003056878224015236,
    "is_textbook": 0.003524547442793846,
    "is_fiction": 0.013347410596907139,
    "demand_score": 0.00661048386245966
  },
  "hyperparameters": {
    "subsample": 0.6,
    "reg_lambda": 100,
    "reg_alpha": 0.01,
    "n_estimators": 100,
    "min_child_weight": 5,
    "max_depth": 6,
    "learning_rate": 0.15,
    "gamma": 0.1,
    "colsample_bytree": 0.6
  },
  "optimization": {
    "method": "RandomizedSearchCV",
    "n_iter": 50,
    "cv_folds": 3,
    "scoring": "neg_mean_absolute_error"
  }
}