{
  "version": "v3_xgboost_tuned",
  "model_type": "XGBRegressor",
  "train_date": "2025-11-04T19:03:36.640745",
  "train_samples": 4404,
  "test_samples": 1102,
  "train_mae": 3.066091119110963,
  "test_mae": 3.3498184248306355,
  "train_rmse": 4.230757064544725,
  "test_rmse": 4.534469826068413,
  "test_r2": 0.11326114554549138,
  "cv_mae": 3.3315285005686395,
  "feature_importance": {
    "log_amazon_rank": 0.007925652898848057,
    "amazon_count": 0.04116067662835121,
    "ebay_sold_count": 0.007414516992866993,
    "ebay_active_median": 0.003712545847520232,
    "abebooks_min_price": 0.031760457903146744,
    "abebooks_avg_price": 0.01737426221370697,
    "abebooks_seller_count": 0.010214409790933132,
    "abebooks_condition_spread": 0.009996249340474606,
    "abebooks_has_new": 0.013708335347473621,
    "abebooks_hardcover_premium": 0.010570961982011795,
    "abebooks_scaled_estimate": 0.009118650108575821,
    "abebooks_competitive_estimate": 0.052362170070409775,
    "abebooks_avg_estimate": 0.01911146193742752,
    "is_collectible_market": 0.06128191947937012,
    "bookfinder_lowest_price": 0.015748968347907066,
    "bookfinder_source_count": 0.011692287400364876,
    "bookfinder_new_vs_used_spread": 0.013667963445186615,
    "bookfinder_avg_price": 0.053286705166101456,
    "bookfinder_total_offers": 0.019638901576399803,
    "bookfinder_price_volatility": 0.015324399806559086,
    "bookfinder_signed_count": 0.009053105488419533,
    "bookfinder_has_signed": 0.0024668043479323387,
    "bookfinder_signed_lowest": 0.015311012044548988,
    "bookfinder_first_edition_count": 0.012310394085943699,
    "bookfinder_first_ed_lowest": 0.014005718752741814,
    "bookfinder_avg_desc_length": 0.013216277584433556,
    "bookfinder_detailed_pct": 0.019293321296572685,
    "bookfinder_signed_premium_pct": 0.013104015961289406,
    "bookfinder_first_ed_premium_pct": 0.015585647895932198,
    "serper_sold_count": 0.08985605835914612,
    "serper_sold_has_signed": 0.018601782619953156,
    "serper_sold_signed_pct": 0.01209819782525301,
    "serper_sold_hardcover_pct": 0.03408949449658394,
    "serper_sold_ebay_pct": 0.04523618519306183,
    "page_count": 0.010494658723473549,
    "age_years": 0.01205777283757925,
    "log_ratings": 0.011668604798614979,
    "rating": 0.06478313356637955,
    "is_recent": 0.010378889739513397,
    "is_backlist": 0.028065187856554985,
    "decade_sin": 0.0058975531719625,
    "decade_cos": 0.014751906506717205,
    "age_squared": 0.011344008147716522,
    "log_age": 0.03341467306017876,
    "is_very_good": 0.00989462435245514,
    "is_good": 0.011828490532934666,
    "is_hardcover": 0.003911130130290985,
    "is_mass_market": 0.00216850358992815,
    "is_signed": 0.003894137218594551,
    "is_first_edition": 0.0031688332092016935,
    "is_textbook": 0.005779133643954992,
    "is_fiction": 0.01176608819514513,
    "demand_score": 0.005433255340903997
  },
  "hyperparameters": {
    "subsample": 0.7,
    "reg_lambda": 100,
    "reg_alpha": 1,
    "n_estimators": 500,
    "min_child_weight": 1,
    "max_depth": 5,
    "learning_rate": 0.05,
    "gamma": 0.1,
    "colsample_bytree": 0.7
  },
  "optimization": {
    "method": "RandomizedSearchCV",
    "n_iter": 50,
    "cv_folds": 3,
    "scoring": "neg_mean_absolute_error"
  }
}