{
  "version": "v1_abebooks",
  "model_type": "GradientBoostingRegressor",
  "train_date": "2025-10-31T21:40:49.351683",
  "train_samples": 4404,
  "test_samples": 1101,
  "train_mae": 3.424518703304718,
  "test_mae": 3.553566973780719,
  "train_rmse": 4.588546651914924,
  "test_rmse": 4.607929849969372,
  "test_r2": 0.04425676395543021,
  "feature_importance": {
    "log_amazon_rank": 0.23478190230553211,
    "amazon_count": 0.18442593040494948,
    "ebay_sold_count": 0.004779177847551621,
    "ebay_active_count": 0.0,
    "ebay_active_median": 7.331432341391399e-05,
    "sell_through_rate": 0.0,
    "abebooks_min_price": 0.007849723583747262,
    "abebooks_avg_price": 0.004376670575803854,
    "abebooks_seller_count": 8.208884844415578e-05,
    "abebooks_condition_spread": 0.001988721854968988,
    "abebooks_has_new": 0.0002958157876076997,
    "abebooks_has_used": 0.0,
    "abebooks_hardcover_premium": 0.0,
    "page_count": 0.17788335283629575,
    "age_years": 0.14794053516504058,
    "log_ratings": 0.13773157699199046,
    "rating": 0.06772212920970294,
    "has_list_price": 0.0,
    "list_price": 0.0,
    "is_new": 0.0,
    "is_like_new": 0.0,
    "is_very_good": 0.00194140401802734,
    "is_good": 0.0011766863133826958,
    "is_acceptable": 0.0,
    "is_poor": 0.0,
    "is_hardcover": 0.0015950939338012404,
    "is_paperback": 0.0,
    "is_mass_market": 0.0008844858149262296,
    "is_signed": 0.0006875327320994346,
    "is_first_edition": 5.740740686293101e-05,
    "is_textbook": 0.0024755013955577022,
    "is_fiction": 0.019461531276892003,
    "demand_score": 0.0017894173734016325,
    "competition_ratio": 0.0,
    "price_velocity": 0.0
  },
  "hyperparameters": {
    "n_estimators": 200,
    "max_depth": 4,
    "learning_rate": 0.05
  }
}