{
  "version": "v4_log_target_groupkfold",
  "model_type": "XGBRegressor",
  "train_date": "2025-11-09T09:39:00.167215",
  "train_samples": 4092,
  "test_samples": 1023,
  "train_mae": 3.2334043591985027,
  "test_mae": 3.2510027288584182,
  "train_rmse": 4.685286693381046,
  "test_rmse": 4.744410489753742,
  "test_r2": 0.08705899485977797,
  "test_mape": 44.512265935370344,
  "cv_mae": 0.3636089793996308,
  "use_log_target": true,
  "temporal_weighting": true,
  "feature_importance": {
    "log_amazon_rank": 0.0,
    "amazon_count": 0.0,
    "amazon_lowest_price": 0.0,
    "amazon_trade_in_price": 0.0,
    "amazon_price_per_rank": 0.0,
    "amazon_competitive_density": 0.0,
    "amazon_fbm_median": 0.0,
    "amazon_fbm_count": 0.0,
    "amazon_fbm_price_spread": 0.0,
    "amazon_fbm_vs_rank": 0.0,
    "amazon_fbm_avg_rating": 0.0,
    "ebay_sold_count": 0.0,
    "ebay_active_median": 0.0,
    "ebay_sold_min": 0.0,
    "ebay_sold_median": 0.0,
    "ebay_sold_max": 0.0,
    "ebay_sold_price_spread": 0.0,
    "ebay_active_vs_sold_ratio": 0.0,
    "abebooks_min_price": 0.0,
    "abebooks_avg_price": 0.0,
    "abebooks_seller_count": 0.0,
    "abebooks_condition_spread": 0.0,
    "abebooks_has_new": 0.0,
    "abebooks_hardcover_premium": 0.0,
    "abebooks_scaled_estimate": 0.0,
    "abebooks_competitive_estimate": 0.0,
    "abebooks_avg_estimate": 0.0,
    "is_collectible_market": 0.0,
    "bookfinder_lowest_price": 0.03843298926949501,
    "bookfinder_source_count": 0.02249131165444851,
    "bookfinder_new_vs_used_spread": 0.024326017126441002,
    "bookfinder_avg_price": 0.022113146260380745,
    "bookfinder_total_offers": 0.01570243015885353,
    "bookfinder_price_volatility": 0.019544869661331177,
    "bookfinder_signed_count": 0.01796470768749714,
    "bookfinder_has_signed": 0.014423892833292484,
    "bookfinder_signed_lowest": 0.01475309208035469,
    "bookfinder_first_edition_count": 0.021535098552703857,
    "bookfinder_first_ed_lowest": 0.03047429583966732,
    "bookfinder_avg_desc_length": 0.025455240160226822,
    "bookfinder_detailed_pct": 0.017849063500761986,
    "bookfinder_signed_premium_pct": 0.015267232432961464,
    "bookfinder_first_ed_premium_pct": 0.0359509140253067,
    "serper_sold_count": 0.21293950080871582,
    "serper_sold_has_signed": 0.021928010508418083,
    "serper_sold_signed_pct": 0.015090135857462883,
    "serper_sold_hardcover_pct": 0.03951627388596535,
    "serper_sold_ebay_pct": 0.05403739959001541,
    "page_count": 0.0,
    "age_years": 0.010615828447043896,
    "log_ratings": 0.0,
    "rating": 0.0,
    "is_recent": 0.12194932252168655,
    "is_backlist": 0.033780042082071304,
    "decade_sin": 0.055894635617733,
    "decade_cos": 0.0885714441537857,
    "age_squared": 0.00939304567873478,
    "log_age": 0.0,
    "is_new": 0.0,
    "is_like_new": 0.0,
    "is_very_good": 0.0,
    "is_good": 0.0,
    "is_acceptable": 0.0,
    "is_poor": 0.0,
    "is_hardcover": 0.0,
    "is_mass_market": 0.0,
    "is_signed": 0.0,
    "is_first_edition": 0.0,
    "is_textbook": 0.0,
    "is_fiction": 0.0,
    "demand_score": 0.0
  },
  "hyperparameters": {
    "subsample": 0.7,
    "reg_lambda": 100,
    "reg_alpha": 1,
    "n_estimators": 500,
    "min_child_weight": 1,
    "max_depth": 5,
    "learning_rate": 0.05,
    "gamma": 0.1,
    "colsample_bytree": 0.7
  },
  "optimization": {
    "method": "RandomizedSearchCV",
    "n_iter": 50,
    "cv_folds": 3,
    "scoring": "neg_mean_absolute_error"
  }
}