{
  "version": "v1_abebooks",
  "model_type": "GradientBoostingRegressor",
  "train_date": "2025-11-01T20:57:40.214113",
  "train_samples": 4404,
  "test_samples": 1102,
  "train_mae": 3.3730011857936764,
  "test_mae": 3.607434689370986,
  "train_rmse": 4.541816986665349,
  "test_rmse": 4.792003834081787,
  "test_r2": 0.009676648719688541,
  "feature_importance": {
    "log_amazon_rank": 0.09932477353343501,
    "amazon_count": 0.05932451374976477,
    "ebay_sold_count": 0.0021793797583740536,
    "ebay_active_count": 0.0,
    "ebay_active_median": 0.0,
    "sell_through_rate": 0.0,
    "abebooks_min_price": 0.029684172895389115,
    "abebooks_avg_price": 0.05468717875843312,
    "abebooks_seller_count": 0.024211384951023696,
    "abebooks_condition_spread": 0.05642143556915823,
    "abebooks_has_new": 0.008891820151039688,
    "abebooks_has_used": 0.0,
    "abebooks_hardcover_premium": 0.05010515549895951,
    "abebooks_scaled_estimate": 0.03768734187449091,
    "abebooks_competitive_estimate": 0.18110876452345887,
    "abebooks_avg_estimate": 0.04517604754124741,
    "is_collectible_market": 0.0038153478349119553,
    "bookfinder_lowest_price": 0.0030842599874228186,
    "bookfinder_source_count": 0.0037813545607265978,
    "bookfinder_new_vs_used_spread": 0.005297808472287982,
    "page_count": 0.10213496126092707,
    "age_years": 0.08284971627949364,
    "log_ratings": 0.07159629808005238,
    "rating": 0.04906799955636063,
    "has_list_price": 0.0,
    "list_price": 0.0,
    "is_new": 0.0,
    "is_like_new": 0.0,
    "is_very_good": 0.0007836176722885774,
    "is_good": 0.0022037771274489126,
    "is_acceptable": 0.0,
    "is_poor": 0.0,
    "is_hardcover": 0.0015819967171430104,
    "is_paperback": 0.0,
    "is_mass_market": 0.0008124633984610299,
    "is_signed": 0.0012119791070463732,
    "is_first_edition": 0.0002002302318196738,
    "is_textbook": 0.0018374614650932335,
    "is_fiction": 0.016606372736530428,
    "demand_score": 0.0043323867072112,
    "competition_ratio": 0.0,
    "price_velocity": 0.0
  },
  "hyperparameters": {
    "n_estimators": 200,
    "max_depth": 4,
    "learning_rate": 0.05
  }
}