{
  "version": "v3_xgboost_tuned",
  "model_type": "XGBRegressor",
  "train_date": "2025-11-05T18:30:51.199981",
  "train_samples": 4199,
  "test_samples": 1050,
  "train_mae": 2.7568213418822936,
  "test_mae": 2.875631186508905,
  "train_rmse": 3.9581847439042375,
  "test_rmse": 4.03483584601745,
  "test_r2": 0.14877473175341016,
  "cv_mae": 2.869071468883222,
  "feature_importance": {
    "log_amazon_rank": 0.003482670057564974,
    "amazon_count": 0.020978331565856934,
    "amazon_lowest_price": 0.07873386889696121,
    "amazon_trade_in_price": 0.0,
    "amazon_price_per_rank": 0.00375633267685771,
    "amazon_competitive_density": 0.01531945914030075,
    "ebay_sold_count": 0.032568857073783875,
    "ebay_active_median": 0.0,
    "ebay_sold_min": 0.0,
    "ebay_sold_median": 0.0,
    "ebay_sold_max": 0.0,
    "ebay_sold_price_spread": 0.0,
    "ebay_active_vs_sold_ratio": 0.0,
    "abebooks_min_price": 0.0,
    "abebooks_avg_price": 0.0,
    "abebooks_seller_count": 0.0,
    "abebooks_condition_spread": 0.0,
    "abebooks_has_new": 0.0,
    "abebooks_hardcover_premium": 0.0,
    "abebooks_scaled_estimate": 0.0,
    "abebooks_competitive_estimate": 0.0,
    "abebooks_avg_estimate": 0.0,
    "is_collectible_market": 0.0,
    "bookfinder_lowest_price": 0.01025061309337616,
    "bookfinder_source_count": 0.014096380211412907,
    "bookfinder_new_vs_used_spread": 0.01453978382050991,
    "bookfinder_avg_price": 0.007452406454831362,
    "bookfinder_total_offers": 0.007387448102235794,
    "bookfinder_price_volatility": 0.013743644580245018,
    "bookfinder_signed_count": 0.0,
    "bookfinder_has_signed": 0.0,
    "bookfinder_signed_lowest": 0.0,
    "bookfinder_first_edition_count": 0.0274304561316967,
    "bookfinder_first_ed_lowest": 0.006585869938135147,
    "bookfinder_avg_desc_length": 0.05554874241352081,
    "bookfinder_detailed_pct": 0.007802399806678295,
    "bookfinder_signed_premium_pct": 0.0,
    "bookfinder_first_ed_premium_pct": 0.013606474734842777,
    "serper_sold_count": 0.10452140867710114,
    "serper_sold_has_signed": 0.012984046712517738,
    "serper_sold_signed_pct": 0.015982311218976974,
    "serper_sold_hardcover_pct": 0.039799220860004425,
    "serper_sold_ebay_pct": 0.046335384249687195,
    "page_count": 0.022356385365128517,
    "age_years": 0.006361585576087236,
    "log_ratings": 0.023179782554507256,
    "rating": 0.0030776304192841053,
    "is_recent": 0.0,
    "is_backlist": 0.014685585163533688,
    "decade_sin": 0.0019226855365559459,
    "decade_cos": 0.015120784752070904,
    "age_squared": 0.0037430014926940203,
    "log_age": 0.0,
    "is_very_good": 0.0,
    "is_good": 0.0,
    "is_hardcover": 0.006575019098818302,
    "is_mass_market": 0.0027800698298960924,
    "is_signed": 0.06458631157875061,
    "is_first_edition": 0.09623695909976959,
    "is_textbook": 0.03194653242826462,
    "is_fiction": 0.04051559045910835,
    "demand_score": 0.1140059232711792
  },
  "hyperparameters": {
    "subsample": 0.9,
    "reg_lambda": 1,
    "reg_alpha": 0,
    "n_estimators": 300,
    "min_child_weight": 3,
    "max_depth": 7,
    "learning_rate": 0.15,
    "gamma": 0,
    "colsample_bytree": 0.9
  },
  "optimization": {
    "method": "RandomizedSearchCV",
    "n_iter": 50,
    "cv_folds": 3,
    "scoring": "neg_mean_absolute_error"
  }
}