{
  "version": "v1",
  "model_type": "XGBRegressor",
  "train_date": "2025-10-28T19:12:51.009292",
  "train_samples": 560,
  "test_samples": 140,
  "train_mae": 2.2061996377740587,
  "test_mae": 3.8055357443945743,
  "train_rmse": 2.8573131323325955,
  "test_rmse": 4.936600823987993,
  "test_r2": -0.056893423499194684,
  "feature_importance": {
    "log_amazon_rank": 0.07817301154136658,
    "amazon_count": 0.11925788968801498,
    "ebay_sold_count": 0.0,
    "ebay_active_count": 0.0,
    "ebay_active_median": 0.0,
    "sell_through_rate": 0.0,
    "page_count": 0.060835786163806915,
    "age_years": 0.06842592358589172,
    "log_ratings": 0.06795773655176163,
    "rating": 0.06812348961830139,
    "has_list_price": 0.0,
    "list_price": 0.0,
    "is_new": 0.0,
    "is_like_new": 0.0,
    "is_very_good": 0.19904889166355133,
    "is_good": 0.2547585368156433,
    "is_acceptable": 0.0,
    "is_poor": 0.0,
    "is_textbook": 0.0,
    "is_fiction": 0.08341866731643677,
    "demand_score": 0.0,
    "competition_ratio": 0.0,
    "price_velocity": 0.0
  },
  "hyperparameters": {
    "n_estimators": 100,
    "max_depth": 5,
    "learning_rate": 0.1
  }
}