{
  "version": "v1_abebooks",
  "model_type": "GradientBoostingRegressor",
  "train_date": "2025-11-01T01:04:40.718060",
  "train_samples": 4404,
  "test_samples": 1102,
  "train_mae": 3.395618244051498,
  "test_mae": 3.619409101790079,
  "train_rmse": 4.556480551961511,
  "test_rmse": 4.7968755157805525,
  "test_r2": 0.007662045771559822,
  "feature_importance": {
    "log_amazon_rank": 0.1304505540630285,
    "amazon_count": 0.1263948435156704,
    "ebay_sold_count": 0.0023707560923924443,
    "ebay_active_count": 0.0,
    "ebay_active_median": 4.231576842065219e-05,
    "sell_through_rate": 0.0,
    "abebooks_min_price": 0.14449624107435882,
    "abebooks_avg_price": 0.08569899585271837,
    "abebooks_seller_count": 0.02644932382533049,
    "abebooks_condition_spread": 0.045545793996587855,
    "abebooks_has_new": 0.0017572436608290218,
    "abebooks_has_used": 0.0,
    "abebooks_hardcover_premium": 0.03379312773416823,
    "page_count": 0.1284471692758096,
    "age_years": 0.09758447225615903,
    "log_ratings": 0.08755863577555299,
    "rating": 0.06131871899015353,
    "has_list_price": 0.0,
    "list_price": 0.0,
    "is_new": 0.0,
    "is_like_new": 0.0,
    "is_very_good": 0.002211595364832803,
    "is_good": 0.0016153726854297435,
    "is_acceptable": 0.0,
    "is_poor": 0.0,
    "is_hardcover": 0.0012255068976325318,
    "is_paperback": 0.0,
    "is_mass_market": 0.0006204860192703772,
    "is_signed": 0.0011550653590031764,
    "is_first_edition": 0.00019634440879521265,
    "is_textbook": 0.0020177563883493374,
    "is_fiction": 0.014480969238864879,
    "demand_score": 0.004568711756641887,
    "competition_ratio": 0.0,
    "price_velocity": 0.0
  },
  "hyperparameters": {
    "n_estimators": 200,
    "max_depth": 4,
    "learning_rate": 0.05
  }
}