{
  "version": "v1",
  "model_type": "XGBRegressor",
  "train_date": "2025-10-29T17:43:51.029367",
  "train_samples": 671,
  "test_samples": 168,
  "train_mae": 2.090703071201967,
  "test_mae": 3.2517912779308498,
  "train_rmse": 2.690466562345967,
  "test_rmse": 4.277551287421558,
  "test_r2": 0.22704292658201308,
  "feature_importance": {
    "log_amazon_rank": 0.07422065734863281,
    "amazon_count": 0.11242327839136124,
    "ebay_sold_count": 0.034331947565078735,
    "ebay_active_count": 0.0,
    "ebay_active_median": 0.0,
    "sell_through_rate": 0.0,
    "page_count": 0.06616900861263275,
    "age_years": 0.06636463850736618,
    "log_ratings": 0.06351529061794281,
    "rating": 0.05821158364415169,
    "has_list_price": 0.0,
    "list_price": 0.0,
    "is_new": 0.0,
    "is_like_new": 0.0,
    "is_very_good": 0.07135357707738876,
    "is_good": 0.04518880695104599,
    "is_acceptable": 0.0,
    "is_poor": 0.0,
    "is_hardcover": 0.10580116510391235,
    "is_paperback": 0.06113942712545395,
    "is_mass_market": 0.028502244502305984,
    "is_signed": 0.03254760801792145,
    "is_first_edition": 0.054742828011512756,
    "is_textbook": 0.025748828426003456,
    "is_fiction": 0.07335373759269714,
    "demand_score": 0.026385368779301643,
    "competition_ratio": 0.0,
    "price_velocity": 0.0
  },
  "hyperparameters": {
    "n_estimators": 100,
    "max_depth": 5,
    "learning_rate": 0.1
  }
}