{
  "version": "v2_sold_listings",
  "model_type": "GradientBoostingRegressor",
  "train_date": "2025-11-04T06:34:49.877404",
  "train_samples": 4404,
  "test_samples": 1102,
  "train_mae": 2.573179806244856,
  "test_mae": 2.9524092034881675,
  "train_rmse": 3.6263126758033595,
  "test_rmse": 4.176868166946594,
  "test_r2": 0.24760787403838125,
  "feature_importance": {
    "log_amazon_rank": 0.016303191061130477,
    "amazon_count": 0.012236169326685978,
    "ebay_sold_count": 0.0024613816076387916,
    "ebay_active_count": 4.536334252176074e-05,
    "ebay_active_median": 0.00012030469388773268,
    "sell_through_rate": 0.0,
    "abebooks_min_price": 0.0013700642104988259,
    "abebooks_avg_price": 0.005639284639788537,
    "abebooks_seller_count": 0.002219570068442258,
    "abebooks_condition_spread": 0.004169110088478558,
    "abebooks_has_new": 0.001185229090974639,
    "abebooks_has_used": 0.0,
    "abebooks_hardcover_premium": 0.008395673426738998,
    "abebooks_scaled_estimate": 0.004071539834816023,
    "abebooks_competitive_estimate": 0.034582800656210375,
    "abebooks_avg_estimate": 0.0038035751826135744,
    "is_collectible_market": 2.3185399411753646e-05,
    "bookfinder_lowest_price": 0.007011018480371034,
    "bookfinder_source_count": 0.004157472008507063,
    "bookfinder_new_vs_used_spread": 0.014311923093808378,
    "bookfinder_avg_price": 0.04843806312113596,
    "bookfinder_total_offers": 0.009016408102406361,
    "bookfinder_price_volatility": 0.011013984243738397,
    "bookfinder_signed_count": 0.0024073421850478107,
    "bookfinder_has_signed": 1.8047799189612568e-05,
    "bookfinder_signed_lowest": 0.0023714897495965962,
    "bookfinder_first_edition_count": 0.005087041295801638,
    "bookfinder_has_first_edition": 0.0,
    "bookfinder_first_ed_lowest": 0.0038149027723357255,
    "bookfinder_oldworld_count": 0.0,
    "bookfinder_avg_desc_length": 0.008453895481926954,
    "bookfinder_detailed_pct": 0.01371527414461705,
    "serper_sold_count": 0.029475930352669016,
    "serper_sold_avg_price": 0.09398918170463748,
    "serper_sold_min_price": 0.33280645853537605,
    "serper_sold_max_price": 0.026741803342776607,
    "serper_sold_price_range": 0.0238784206537144,
    "serper_sold_has_signed": 0.00037911360016785485,
    "serper_sold_signed_pct": 0.0006322175945356718,
    "serper_sold_hardcover_pct": 0.017362833400941784,
    "serper_sold_ebay_pct": 0.08938986373021428,
    "serper_sold_demand_signal": 0.05480333587222602,
    "page_count": 0.01627052735591345,
    "age_years": 0.01306514514922902,
    "log_ratings": 0.00749280494994748,
    "rating": 0.06058658655886548,
    "has_list_price": 0.0,
    "list_price": 0.0,
    "is_new": 0.0,
    "is_like_new": 0.0,
    "is_very_good": 0.00020470721574091552,
    "is_good": 0.0011412522510523054,
    "is_acceptable": 0.0,
    "is_poor": 0.0,
    "is_hardcover": 4.076571807614517e-05,
    "is_paperback": 0.0,
    "is_mass_market": 0.000112265684951602,
    "is_signed": 0.0001637774411473398,
    "is_first_edition": 1.7978430661358496e-05,
    "is_textbook": 0.0,
    "is_fiction": 0.0034662151304602237,
    "demand_score": 0.0015355102183746752,
    "competition_ratio": 0.0,
    "price_velocity": 0.0
  },
  "hyperparameters": {
    "n_estimators": 200,
    "max_depth": 4,
    "learning_rate": 0.05
  }
}