{
  "version": "v2_sold_listings",
  "model_type": "GradientBoostingRegressor",
  "train_date": "2025-11-04T17:58:53.523040",
  "train_samples": 4404,
  "test_samples": 1102,
  "train_mae": 3.056527434313914,
  "test_mae": 3.3573211387485973,
  "train_rmse": 4.21278570642717,
  "test_rmse": 4.546558896803639,
  "test_r2": 0.1085266831226902,
  "feature_importance": {
    "log_amazon_rank": 0.023700601622829515,
    "amazon_count": 0.03400027388521893,
    "ebay_sold_count": 0.005519256417687612,
    "ebay_active_count": 0.0,
    "ebay_active_median": 4.0099979849072076e-05,
    "sell_through_rate": 0.0,
    "abebooks_min_price": 0.01916435780098316,
    "abebooks_avg_price": 0.026959607291434044,
    "abebooks_seller_count": 0.006880556507514568,
    "abebooks_condition_spread": 0.013226082843017108,
    "abebooks_has_new": 0.0005431136021566384,
    "abebooks_has_used": 0.0,
    "abebooks_hardcover_premium": 0.01796084951611908,
    "abebooks_scaled_estimate": 0.011192468275293225,
    "abebooks_competitive_estimate": 0.05548399974640768,
    "abebooks_avg_estimate": 0.01818918283051268,
    "is_collectible_market": 0.0010518709453201068,
    "bookfinder_lowest_price": 0.023178988976619522,
    "bookfinder_source_count": 0.009465107612947003,
    "bookfinder_new_vs_used_spread": 0.018352691188611308,
    "bookfinder_avg_price": 0.09967501080830353,
    "bookfinder_total_offers": 0.012018164426516232,
    "bookfinder_price_volatility": 0.02386123456205479,
    "bookfinder_signed_count": 0.0040125858411563,
    "bookfinder_has_signed": 0.0009355434457789806,
    "bookfinder_signed_lowest": 0.006833679222053757,
    "bookfinder_first_edition_count": 0.015319755894211787,
    "bookfinder_has_first_edition": 0.0,
    "bookfinder_first_ed_lowest": 0.008957941245104404,
    "bookfinder_oldworld_count": 0.0,
    "bookfinder_avg_desc_length": 0.01301427608981986,
    "bookfinder_detailed_pct": 0.021725422103076552,
    "bookfinder_signed_premium_pct": 0.003235308656300366,
    "bookfinder_first_ed_premium_pct": 0.023540945537168956,
    "serper_sold_count": 0.22179280688400022,
    "serper_sold_has_signed": 0.0036432748998438923,
    "serper_sold_signed_pct": 0.006379832898531916,
    "serper_sold_hardcover_pct": 0.08954714087347215,
    "serper_sold_ebay_pct": 0.011017230153883473,
    "author_book_count": 0.0,
    "log_author_catalog_size": 0.0,
    "author_avg_sold_price": 0.0,
    "log_author_avg_price": 0.0,
    "author_avg_sales_velocity": 0.0,
    "author_collectibility_score": 0.0,
    "author_popularity_score": 0.0,
    "author_avg_rating": 0.0,
    "page_count": 0.042042590734661114,
    "age_years": 0.00370423269119815,
    "log_ratings": 0.01377514310314818,
    "rating": 0.06045134222148786,
    "has_list_price": 0.0,
    "list_price": 0.0,
    "is_new_release": 0.0,
    "is_recent": 0.00020391100867188204,
    "is_backlist": 0.000912328433912497,
    "is_classic": 0.0,
    "decade_sin": 0.0006206371895174912,
    "decade_cos": 0.001360478721543096,
    "age_squared": 0.006439669861618658,
    "log_age": 0.007144351054276616,
    "has_series": 0.0,
    "series_index": 0.0,
    "is_series_start": 0.0,
    "is_series_middle": 0.0,
    "is_series_late": 0.0,
    "log_series_index": 0.0,
    "is_new": 0.0,
    "is_like_new": 0.0,
    "is_very_good": 0.0001772363733403746,
    "is_good": 0.00022400550820612767,
    "is_acceptable": 0.0,
    "is_poor": 0.0,
    "is_hardcover": 0.0001604649226211318,
    "is_paperback": 0.0,
    "is_mass_market": 0.0006319898647338212,
    "is_signed": 0.0005584330325721446,
    "is_first_edition": 0.0001516651161241872,
    "is_textbook": 0.0008294636417234137,
    "is_fiction": 0.007962721140412502,
    "demand_score": 0.0022300727964322913,
    "competition_ratio": 0.0,
    "price_velocity": 0.0
  },
  "hyperparameters": {
    "n_estimators": 200,
    "max_depth": 4,
    "learning_rate": 0.05
  }
}