{
  "version": "v2_sold_listings",
  "model_type": "GradientBoostingRegressor",
  "train_date": "2025-11-03T21:26:14.710444",
  "train_samples": 4404,
  "test_samples": 1102,
  "train_mae": 3.328277017521173,
  "test_mae": 3.5426070072850284,
  "train_rmse": 4.505152728246582,
  "test_rmse": 4.736746967251477,
  "test_r2": 0.03238391909501648,
  "feature_importance": {
    "log_amazon_rank": 0.04276964722554474,
    "amazon_count": 0.031495280208779855,
    "ebay_sold_count": 0.0036286770899445417,
    "ebay_active_count": 0.0,
    "ebay_active_median": 0.0,
    "sell_through_rate": 0.0,
    "abebooks_min_price": 0.010071403750498413,
    "abebooks_avg_price": 0.02373692769210673,
    "abebooks_seller_count": 0.01315820778075948,
    "abebooks_condition_spread": 0.02571395580551724,
    "abebooks_has_new": 0.005195246705774809,
    "abebooks_has_used": 0.0,
    "abebooks_hardcover_premium": 0.03443495270873341,
    "abebooks_scaled_estimate": 0.019334109704664496,
    "abebooks_competitive_estimate": 0.12399957450786006,
    "abebooks_avg_estimate": 0.019519140972347915,
    "is_collectible_market": 0.002067644638408373,
    "bookfinder_lowest_price": 0.02985121783442748,
    "bookfinder_source_count": 0.019318717192300428,
    "bookfinder_new_vs_used_spread": 0.04299662102347179,
    "bookfinder_avg_price": 0.09359524133017069,
    "bookfinder_total_offers": 0.03531344765788194,
    "bookfinder_price_volatility": 0.04145594835381203,
    "bookfinder_signed_count": 0.012642385078134966,
    "bookfinder_has_signed": 0.00013644839145652462,
    "bookfinder_signed_lowest": 0.011388226447676428,
    "bookfinder_first_edition_count": 0.027279284194011058,
    "bookfinder_has_first_edition": 4.42220509548774e-05,
    "bookfinder_first_ed_lowest": 0.014743351898751427,
    "bookfinder_oldworld_count": 0.0,
    "bookfinder_avg_desc_length": 0.01894348704519546,
    "bookfinder_detailed_pct": 0.04197359877113973,
    "serper_sold_count": 0.005889451782178948,
    "serper_sold_avg_price": 0.015924090633508515,
    "serper_sold_min_price": 0.020011739547763654,
    "serper_sold_max_price": 0.011142065051291741,
    "serper_sold_price_range": 0.0009067595543812317,
    "serper_sold_has_signed": 0.0,
    "serper_sold_signed_pct": 0.0,
    "serper_sold_hardcover_pct": 6.836695315748225e-05,
    "serper_sold_ebay_pct": 0.002841766357762654,
    "serper_sold_demand_signal": 0.021312779919671156,
    "page_count": 0.0718423361794918,
    "age_years": 0.030788055788516327,
    "log_ratings": 0.028224996181985307,
    "rating": 0.03223437864410358,
    "has_list_price": 0.0,
    "list_price": 0.0,
    "is_new": 0.0,
    "is_like_new": 0.0,
    "is_very_good": 0.0009107829820916062,
    "is_good": 0.00022315542098365297,
    "is_acceptable": 0.0,
    "is_poor": 0.0,
    "is_hardcover": 0.0006712898638044711,
    "is_paperback": 0.0,
    "is_mass_market": 0.0005911786968103312,
    "is_signed": 0.0012734968514887858,
    "is_first_edition": 0.0,
    "is_textbook": 0.001312574037087644,
    "is_fiction": 0.006007585406243935,
    "demand_score": 0.0030161840873523973,
    "competition_ratio": 0.0,
    "price_velocity": 0.0
  },
  "hyperparameters": {
    "n_estimators": 200,
    "max_depth": 4,
    "learning_rate": 0.05
  }
}