{
  "platform": "zvab",
  "model_type": "GradientBoostingRegressor",
  "n_features": 24,
  "feature_names": [
    "bookfinder_signed_count",
    "bookfinder_has_signed",
    "bookfinder_signed_lowest",
    "bookfinder_first_edition_count",
    "bookfinder_first_ed_lowest",
    "bookfinder_avg_desc_length",
    "bookfinder_detailed_pct",
    "bookfinder_lowest_price",
    "bookfinder_avg_price",
    "bookfinder_source_count",
    "bookfinder_price_volatility",
    "page_count",
    "age_years",
    "log_ratings",
    "rating",
    "is_hardcover",
    "is_signed",
    "is_first_edition",
    "is_new",
    "is_like_new",
    "is_very_good",
    "is_good",
    "is_acceptable",
    "is_poor"
  ],
  "training_samples": 422,
  "test_samples": 105,
  "train_mae": 0.5051973535189923,
  "test_mae": 1.2781466869983888,
  "train_rmse": 1.4352408769596319,
  "test_rmse": 3.4072591265729266,
  "train_r2": 0.8482942786443631,
  "test_r2": 0.37076015997336975,
  "feature_importance": {
    "bookfinder_signed_count": 0.0012146884327456956,
    "bookfinder_has_signed": 0.00011158859199483166,
    "bookfinder_signed_lowest": 0.0050783238893487796,
    "bookfinder_first_edition_count": 0.014887165645654118,
    "bookfinder_first_ed_lowest": 0.16856428657398392,
    "bookfinder_avg_desc_length": 0.13441390056034602,
    "bookfinder_detailed_pct": 0.0721441408706336,
    "bookfinder_lowest_price": 0.2124675921217629,
    "bookfinder_avg_price": 0.23060973166139467,
    "bookfinder_source_count": 0.05342210284938449,
    "bookfinder_price_volatility": 0.07652909122074783,
    "page_count": 0.0,
    "age_years": 0.030557387582003145,
    "log_ratings": 0.0,
    "rating": 0.0,
    "is_hardcover": 0.0,
    "is_signed": 0.0,
    "is_first_edition": 0.0,
    "is_new": 0.0,
    "is_like_new": 0.0,
    "is_very_good": 0.0,
    "is_good": 0.0,
    "is_acceptable": 0.0,
    "is_poor": 0.0
  },
  "top_features": [
    [
      "bookfinder_avg_price",
      0.23060973166139467
    ],
    [
      "bookfinder_lowest_price",
      0.2124675921217629
    ],
    [
      "bookfinder_first_ed_lowest",
      0.16856428657398392
    ],
    [
      "bookfinder_avg_desc_length",
      0.13441390056034602
    ],
    [
      "bookfinder_price_volatility",
      0.07652909122074783
    ],
    [
      "bookfinder_detailed_pct",
      0.0721441408706336
    ],
    [
      "bookfinder_source_count",
      0.05342210284938449
    ],
    [
      "age_years",
      0.030557387582003145
    ],
    [
      "bookfinder_first_edition_count",
      0.014887165645654118
    ],
    [
      "bookfinder_signed_lowest",
      0.0050783238893487796
    ]
  ],
  "trained_at": "2025-11-09T09:55:25.372293"
}